0,銈忋亱銈娿伨銇涖倱
1,銈忋亱銈娿伨銇涖倱
2,銈忋亱銈娿伨銇涖倱
3,銈忋亱銈娿伨銇涖倱
4,銈忋亱銈娿伨銇涖倱
5,銈忋亱銈娿伨銇涖倱
6,銈忋亱銈娿伨銇涖倱
7,銈忋亱銈娿伨銇涖倱
8,銈忋亱銈娿伨銇涖倱
9,銈忋亱銈娿伨銇涖倱
10,銈忋亱銈娿伨銇涖倱
11,銈忋亱銈娿伨銇涖倱
12,銈忋亱銈娿伨銇涖倱
13,銈忋亱銈娿伨銇涖倱
14,銈忋亱銈娿伨銇涖倱
15,銈忋亱銈娿伨銇涖倱
16,銈忋亱銈娿伨銇涖倱
17,銈忋亱銈娿伨銇涖倱
18,銈忋亱銈娿伨銇涖倱
19,銈忋亱銈娿伨銇涖倱
20,銈忋亱銈娿伨銇涖倱
21,銈忋亱銈娿伨銇涖倱
22,銈忋亱銈娿伨銇涖倱
23,銈忋亱銈娿伨銇涖倱
24,銈忋亱銈娿伨銇涖倱
25,銈忋亱銈娿伨銇涖倱
26,銈忋亱銈娿伨銇涖倱
27,銈忋亱銈娿伨銇涖倱
28,銈忋亱銈娿伨銇涖倱
29,銈忋亱銈娿伨銇涖倱
30,銈忋亱銈娿伨銇涖倱
31,銈忋亱銈娿伨銇涖倱
32,銈忋亱銈娿伨銇涖倱
33,銈忋亱銈娿伨銇涖倱
34,銈忋亱銈娿伨銇涖倱
35,銈忋亱銈娿伨銇涖倱
36,銈忋亱銈娿伨銇涖倱
37,銈忋亱銈娿伨銇涖倱
38,銈忋亱銈娿伨銇涖倱
39,銈忋亱銈娿伨銇涖倱
40,銈忋亱銈娿伨銇涖倱
41,銈忋亱銈娿伨銇涖倱
42,銈忋亱銈娿伨銇涖倱
43,銈忋亱銈娿伨銇涖倱
44,銈忋亱銈娿伨銇涖倱
45,銈忋亱銈娿伨銇涖倱
46,銈忋亱銈娿伨銇涖倱
47,銈忋亱銈娿伨銇涖倱
48,銈忋亱銈娿伨銇涖倱
49,銈忋亱銈娿伨銇涖倱
50,銈忋亱銈娿伨銇涖倱
51,銈忋亱銈娿伨銇涖倱
52,銈忋亱銈娿伨銇涖倱
53,銈忋亱銈娿伨銇涖倱
54,銈忋亱銈娿伨銇涖倱
55,銈忋亱銈娿伨銇涖倱
56,銈忋亱銈娿伨銇涖倱
57,銈忋亱銈娿伨銇涖倱
58,銈忋亱銈娿伨銇涖倱
59,銈忋亱銈娿伨銇涖倱
60,銈忋亱銈娿伨銇涖倱
61,銈忋亱銈娿伨銇涖倱
62,銈忋亱銈娿伨銇涖倱
63,銈忋亱銈娿伨銇涖倱
64,銈忋亱銈娿伨銇涖倱
65,銈忋亱銈娿伨銇涖倱
66,銈忋亱銈娿伨銇涖倱
67,銈忋亱銈娿伨銇涖倱
68,銈忋亱銈娿伨銇涖倱
69,銈忋亱銈娿伨銇涖倱
70,銈忋亱銈娿伨銇涖倱
71,銈忋亱銈娿伨銇涖倱
72,銈忋亱銈娿伨銇涖倱
73,銈忋亱銈娿伨銇涖倱
74,銈忋亱銈娿伨銇涖倱
75,銈忋亱銈娿伨銇涖倱
76,銈忋亱銈娿伨銇涖倱
77,銈忋亱銈娿伨銇涖倱
78,銈忋亱銈娿伨銇涖倱
79,銈忋亱銈娿伨銇涖倱
80,銈忋亱銈娿伨銇涖倱
81,銈忋亱銈娿伨銇涖倱
82,銈忋亱銈娿伨銇涖倱
83,銈忋亱銈娿伨銇涖倱
84,銈忋亱銈娿伨銇涖倱
85,銈忋亱銈娿伨銇涖倱
86,銈忋亱銈娿伨銇涖倱
87,銈忋亱銈娿伨銇涖倱
88,銈忋亱銈娿伨銇涖倱
89,銈忋亱銈娿伨銇涖倱
90,銈忋亱銈娿伨銇涖倱
91,銈忋亱銈娿伨銇涖倱
92,銈忋亱銈娿伨銇涖倱
93,銈忋亱銈娿伨銇涖倱
94,銈忋亱銈娿伨銇涖倱
95,銈忋亱銈娿伨銇涖倱
96,銈忋亱銈娿伨銇涖倱
97,銈忋亱銈娿伨銇涖倱
98,銈忋亱銈娿伨銇涖倱
99,銈忋亱銈娿伨銇涖倱
